0.002,0,0.095,0,0,0,0,0.212,0,0,0,0.08,0.017,0,0,0,0.083,0.012,0,0,0.063,0.003,0.001,0.004,0.061,0.002,0,0.061,0,0.054,0.037,0.017,0.018
0.009,0,0.115,0,0,0,0,0.254,0,0,0,0.083,0.009,0,0,0,0.071,0.009,0,0,0.068,0.006,0.001,0.01,0.056,0,0,0.055,0,0.049,0.05,0.021,0.016
0.01,0,0.11,0,0,0,0,0.247,0,0,0,0.069,0.013,0,0,0,0.076,0.016,0,0,0.075,0.004,0.003,0.006,0.057,0.004,0,0.044,0,0.061,0.051,0.019,0.017
0.003,0,0.111,0,0,0,0,0.242,0,0,0,0.075,0.02,0,0,0,0.072,0.007,0,0,0.069,0.006,0.007,0.01,0.057,0.003,0,0.049,0,0.049,0.047,0.024,0.025
0.007,0,0.128,0,0,0,0,0.235,0,0,0,0.077,0.022,0,0,0,0.067,0.011,0,0,0.079,0.006,0.003,0.001,0.056,0.003,0,0.036,0,0.057,0.048,0.027,0.017
0.006,0,0.114,0,0,0,0,0.257,0,0,0,0.082,0.022,0,0,0,0.07,0.015,0,0,0.07,0.004,0.003,0.01,0.051,0,0,0.043,0,0.057,0.043,0.022,0.015
0.007,0,0.11,0,0,0,0,0.239,0,0,0,0.064,0.014,0,0,0,0.069,0.022,0,0,0.079,0.006,0.002,0.006,0.053,0.001,0,0.045,0,0.053,0.05,0.026,0.022
0.006,0,0.103,0,0,0,0,0.231,0,0,0,0.065,0.022,0,0,0,0.088,0.013,0,0,0.076,0.005,0.002,0.01,0.055,0,0,0.045,0,0.058,0.049,0.018,0.013
0.01,0,0.109,0,0,0,0,0.229,0,0,0,0.066,0.01,0,0,0,0.09,0.012,0,0,0.082,0.007,0.001,0.007,0.055,0.002,0,0.036,0,0.056,0.041,0.023,0.022
0.013,0,0.104,0,0,0,0,0.254,0,0,0,0.069,0.015,0,0,0,0.081,0.01,0,0,0.087,0.007,0.002,0.006,0.038,0.001,0,0.028,0,0.046,0.041,0.022,0.021
0.005,0,0.105,0,0,0,0,0.235,0,0,0,0.066,0.021,0,0,0,0.075,0.017,0,0,0.081,0.008,0.001,0.009,0.061,0.001,0,0.033,0,0.053,0.05,0.026,0.023
0.002,0,0.127,0,0,0,0,0.232,0,0,0,0.062,0.015,0,0,0,0.071,0.008,0,0,0.084,0.007,0.001,0.004,0.049,0.001,0,0.032,0,0.055,0.046,0.024,0.019
0.006,0,0.091,0,0,0,0,0.21,0,0,0,0.074,0.025,0,0,0,0.068,0.01,0,0,0.068,0.003,0.003,0.005,0.072,0,0,0.036,0,0.067,0.046,0.03,0.03
0.008,0,0.104,0,0,0,0,0.229,0,0,0,0.073,0.017,0,0,0,0.071,0.012,0,0,0.059,0.003,0.004,0.004,0.06,0,0,0.031,0,0.059,0.056,0.015,0.03
0.005,0,0.113,0,0,0,0,0.236,0,0,0,0.055,0.019,0,0,0,0.059,0.011,0,0,0.07,0.005,0.005,0.006,0.068,0.001,0,0.036,0,0.052,0.051,0.02,0.023
0.007,0,0.117,0,0,0,0,0.223,0,0,0,0.085,0.018,0,0,0,0.072,0.006,0,0,0.07,0.006,0,0.003,0.055,0.002,0,0.042,0,0.059,0.042,0.021,0.018
0.009,0,0.119,0,0,0,0,0.208,0,0,0,0.083,0.021,0,0,0,0.054,0.009,0,0,0.075,0.002,0.002,0.006,0.055,0.004,0,0.049,0,0.066,0.04,0.018,0.023
0.004,0,0.1,0,0,0,0,0.244,0,0,0,0.08,0.021,0,0,0,0.076,0.004,0,0,0.067,0.003,0.001,0.011,0.055,0,0,0.047,0,0.058,0.034,0.028,0.018
0.006,0,0.119,0,0,0,0,0.215,0,0,0,0.068,0.024,0,0,0,0.07,0.01,0,0,0.085,0.003,0.002,0.011,0.062,0.002,0,0.047,0,0.053,0.05,0.026,0.017
0.009,0,0.117,0,0,0,0,0.226,0,0,0,0.07,0.021,0,0,0,0.074,0.01,0,0,0.088,0.005,0.002,0.007,0.067,0.002,0,0.027,0,0.049,0.038,0.025,0.025
0.006,0,0.119,0,0,0,0,0.217,0,0,0,0.088,0.023,0,0,0,0.083,0.014,0,0,0.086,0.006,0,0.005,0.059,0.002,0,0.034,0,0.046,0.031,0.023,0.022
0.007,0,0.125,0,0,0,0,0.223,0,0,0,0.078,0.017,0,0,0,0.078,0.013,0,0.001,0.072,0.004,0.001,0.003,0.061,0.001,0,0.038,0,0.053,0.04,0.027,0.023
0.005,0,0.118,0,0,0,0,0.24,0,0,0,0.08,0.019,0,0,0,0.08,0.016,0,0,0.076,0.006,0.001,0.006,0.063,0.004,0,0.033,0,0.044,0.049,0.028,0.021
0.014,0,0.112,0,0,0,0,0.268,0,0,0,0.07,0.032,0,0,0,0.074,0.009,0,0,0.065,0.003,0.002,0.012,0.039,0.004,0,0.026,0,0.067,0.032,0.029,0.025
0.002,0,0.114,0,0,0,0,0.247,0,0,0,0.077,0.029,0,0,0,0.086,0.008,0,0.001,0.084,0.009,0.002,0.007,0.047,0,0,0.04,0,0.061,0.035,0.019,0.023
0.009,0,0.111,0,0,0,0,0.227,0,0,0,0.096,0.023,0,0,0,0.082,0.008,0,0,0.079,0.004,0.002,0.01,0.042,0.003,0,0.032,0,0.059,0.045,0.038,0.022
0.007,0,0.118,0,0,0,0,0.235,0,0,0,0.077,0.027,0,0,0,0.081,0.01,0,0.001,0.088,0.004,0.005,0.01,0.05,0.003,0,0.035,0,0.047,0.037,0.031,0.026
0.005,0,0.121,0,0,0,0,0.261,0,0,0,0.092,0.012,0,0,0,0.069,0.008,0,0,0.074,0.004,0.003,0.008,0.055,0.001,0,0.025,0,0.056,0.041,0.031,0.027
0.004,0,0.121,0,0,0,0,0.246,0,0,0,0.078,0.022,0,0,0,0.079,0.015,0,0.001,0.078,0.006,0.003,0.007,0.055,0,0,0.037,0,0.061,0.042,0.023,0.013
0.01,0,0.107,0,0,0,0,0.249,0,0,0,0.082,0.02,0,0,0,0.088,0.014,0,0,0.08,0.005,0.001,0.007,0.073,0.001,0,0.027,0,0.053,0.045,0.019,0.02
0.009,0,0.123,0,0,0,0,0.242,0,0,0,0.076,0.017,0,0,0,0.081,0.007,0,0,0.079,0.005,0.001,0.004,0.055,0.002,0,0.037,0,0.062,0.05,0.03,0.015
0.005,0,0.125,0,0,0,0,0.244,0,0,0,0.082,0.015,0,0,0,0.077,0.012,0,0,0.08,0.004,0,0.004,0.064,0,0,0.031,0,0.058,0.049,0.02,0.024
0.009,0,0.106,0,0,0,0,0.235,0,0,0,0.072,0.021,0,0,0,0.074,0.017,0,0,0.076,0.007,0.001,0.005,0.062,0,0,0.034,0,0.056,0.061,0.033,0.026
0.005,0,0.121,0,0,0,0,0.25,0,0,0,0.078,0.022,0,0,0,0.083,0.009,0,0,0.075,0.006,0.001,0.012,0.048,0.001,0,0.036,0,0.058,0.039,0.013,0.025
0.006,0,0.122,0,0,0,0,0.24,0,0,0,0.075,0.018,0,0,0,0.074,0.009,0,0,0.074,0.002,0.002,0.006,0.059,0.004,0,0.036,0,0.049,0.068,0.025,0.025
0.008,0,0.097,0,0,0,0,0.247,0,0,0,0.061,0.01,0,0,0,0.114,0.017,0,0,0.057,0.002,0,0.006,0.046,0.002,0,0.058,0,0.054,0.059,0.027,0.014
0.005,0,0.08,0,0,0,0,0.277,0,0,0,0.053,0.007,0,0,0,0.119,0.014,0,0,0.054,0.003,0.002,0.01,0.038,0.001,0,0.083,0,0.055,0.043,0.019,0.014
0.004,0,0.082,0,0,0,0,0.242,0,0,0,0.04,0.01,0,0,0,0.152,0.011,0,0,0.05,0.002,0.001,0.002,0.029,0,0,0.111,0,0.036,0.035,0.013,0.007
0.009,0,0.032,0,0,0,0,0.274,0,0,0,0.023,0.007,0,0,0,0.235,0.009,0,0,0.032,0.001,0,0.003,0.032,0.001,0,0.119,0,0.028,0.027,0.012,0.006
0.008,0,0.021,0,0,0,0,0.28,0,0,0,0.018,0,0,0,0,0.291,0.004,0,0,0.022,0.001,0,0.004,0.019,0,0,0.177,0,0.013,0.021,0.004,0.004
0.006,0,0.009,0,0,0,0,0.323,0,0,0,0.012,0.001,0,0,0,0.307,0.004,0,0,0.01,0,0,0,0.014,0,0,0.156,0,0.007,0.01,0.002,0.001
0.012,0,0.001,0,0,0,0,0.29,0,0,0,0.008,0,0,0,0,0.215,0.004,0,0,0.001,0,0,0,0.001,0.001,0,0.155,0,0.004,0.014,0,0
0.003,0,0.003,0,0,0,0,0.278,0,0,0,0.02,0,0,0,0,0.199,0.001,0,0,0.005,0,0,0,0,0,0,0.152,0,0.014,0.025,0.001,0.002
0.003,0,0.006,0,0,0,0,0.291,0,0,0,0.061,0,0,0,0,0.172,0.008,0,0,0.003,0.001,0,0,0.007,0,0,0.103,0,0.06,0.05,0.002,0.001
0.009,0,0.005,0,0,0,0,0.314,0,0,0,0.061,0,0,0,0,0.187,0.004,0,0,0.006,0,0,0,0.015,0.001,0,0.095,0,0.047,0.03,0.003,0.003
0.003,0,0.011,0,0,0,0,0.313,0,0,0,0.079,0.001,0,0,0,0.18,0.016,0,0,0.008,0,0,0,0.003,0,0,0.089,0,0.041,0.037,0.003,0.006
0.004,0,0.026,0,0,0,0,0.288,0,0,0,0.061,0.003,0,0,0,0.156,0.005,0,0,0.011,0,0,0.001,0.002,0,0,0.075,0,0.046,0.029,0.004,0.007
0.001,0,0.014,0,0,0,0,0.236,0,0,0,0.043,0.001,0,0,0,0.144,0.015,0,0,0.011,0,0,0,0.004,0,0,0.063,0,0.03,0.016,0.006,0
0.003,0,0.016,0,0,0,0,0.232,0,0,0,0.045,0.001,0,0,0,0.122,0.01,0,0,0.009,0,0,0,0.002,0,0,0.065,0,0.031,0.019,0.002,0.004
0.001,0,0.024,0,0,0,0,0.22,0,0,0,0.033,0.001,0,0,0,0.114,0.007,0,0,0.009,0,0,0,0.011,0,0,0.059,0,0.03,0.018,0.002,0.003
0,0,0.013,0,0,0,0,0.207,0,0,0,0.03,0.001,0,0,0,0.114,0.012,0,0,0.017,0,0,0,0.017,0.001,0,0.058,0,0.019,0.024,0.001,0.004
0.005,0,0.028,0,0,0,0,0.21,0,0,0,0.042,0.005,0,0,0,0.116,0.005,0,0,0.013,0.003,0.002,0.001,0.014,0.001,0,0.06,0,0.035,0.022,0.007,0.008
0.004,0,0.028,0,0,0,0,0.227,0,0,0,0.049,0.003,0,0,0,0.12,0.012,0,0,0.022,0.001,0.001,0.001,0.017,0,0,0.065,0,0.042,0.021,0.009,0.004
0.006,0,0.039,0,0,0,0,0.233,0,0,0,0.041,0.005,0,0,0,0.139,0.013,0,0,0.019,0.001,0,0.003,0.01,0,0,0.068,0,0.038,0.018,0.009,0.01
0.007,0,0.041,0,0,0,0,0.232,0,0,0,0.045,0.003,0,0,0,0.145,0.017,0,0,0.026,0.002,0,0.001,0.013,0,0,0.075,0,0.034,0.018,0.003,0.006
0.008,0,0.028,0,0,0,0,0.257,0,0,0,0.04,0.002,0,0,0,0.152,0.015,0,0,0.017,0,0.001,0.003,0.013,0.003,0,0.065,0,0.047,0.018,0.007,0.006
0.003,0,0.04,0,0,0,0,0.256,0,0,0,0.039,0.001,0,0,0,0.162,0.01,0,0,0.025,0.001,0,0.001,0.017,0,0,0.075,0,0.031,0.018,0.005,0.008
0.006,0,0.031,0,0,0,0,0.255,0,0,0,0.047,0.002,0,0,0,0.157,0.02,0,0,0.028,0.001,0.001,0.001,0.018,0.001,0,0.067,0,0.043,0.013,0.005,0.007
0.003,0,0.045,0,0,0,0,0.261,0,0,0,0.063,0.003,0,0,0,0.147,0.011,0,0,0.019,0,0.001,0.001,0.005,0,0,0.067,0,0.031,0.015,0.004,0.005
0.006,0,0.038,0,0,0,0,0.252,0,0,0,0.049,0.001,0,0,0,0.153,0.015,0,0,0.018,0.002,0,0.001,0.003,0,0,0.071,0,0.033,0.016,0.005,0.015
0.002,0,0.034,0,0,0,0,0.228,0,0,0,0.037,0.003,0,0,0,0.157,0.011,0,0,0.007,0,0,0,0.006,0.001,0,0.087,0,0.035,0.015,0.005,0.002
0.005,0,0.024,0,0,0,0,0.249,0,0,0,0.035,0,0,0,0,0.176,0.017,0,0,0.015,0,0,0,0.005,0,0,0.079,0,0.031,0.012,0.005,0.002
0.003,0,0.044,0,0,0,0,0.259,0,0,0,0.053,0,0,0,0,0.167,0.016,0,0,0.018,0,0.001,0,0.006,0,0,0.067,0,0.04,0.013,0.004,0.007
0.005,0,0.034,0,0,0,0,0.23,0,0,0,0.056,0.001,0,0,0,0.128,0.014,0,0,0.035,0,0,0,0.008,0,0,0.044,0,0.037,0.006,0.005,0.003
0.001,0,0.016,0,0,0,0,0.226,0,0,0,0.034,0.001,0,0,0,0.124,0.013,0,0,0.056,0,0,0,0.036,0,0,0.038,0,0.027,0.017,0.004,0
0.001,0,0.022,0,0,0,0,0.202,0,0,0,0.028,0.001,0,0,0,0.1,0.009,0,0,0.031,0,0,0.002,0.043,0,0,0.043,0,0.029,0.022,0.003,0.001
0,0,0.011,0,0,0,0,0.15,0,0,0,0.02,0.001,0,0,0,0.075,0.013,0,0,0.021,0,0,0,0.019,0,0,0.047,0,0.043,0.019,0.003,0
0,0,0.006,0,0,0,0,0.129,0,0,0,0.027,0.002,0,0,0,0.063,0.003,0,0,0.025,0.001,0,0,0.012,0,0,0.036,0,0.023,0.022,0.001,0.001
0.002,0,0.005,0,0,0,0,0.158,0,0,0,0.024,0,0,0,0,0.123,0.008,0,0,0.028,0,0,0.002,0.018,0,0,0.067,0,0.029,0.019,0.001,0
0.002,0,0.004,0,0,0,0,0.345,0,0,0,0.032,0,0,0,0,0.249,0.008,0,0,0.018,0,0,0,0.015,0,0,0.158,0,0.03,0.018,0.005,0.001
0,0,0.014,0,0,0,0,0.409,0,0,0,0.072,0,0,0,0,0.179,0.023,0,0,0.018,0,0,0,0.013,0,0,0.113,0,0.039,0.038,0.006,0.001
0,0,0.052,0,0,0,0,0.28,0,0,0,0.094,0.001,0,0,0,0.077,0.015,0,0,0.055,0.002,0,0.001,0.05,0,0,0.05,0,0.11,0.074,0.013,0.003
0,0,0.036,0,0,0,0,0.225,0,0,0,0.055,0.001,0,0,0,0.094,0.01,0,0,0.022,0,0,0.002,0.017,0,0,0.041,0,0.05,0.045,0.012,0.008
0,0,0.04,0,0,0,0,0.127,0,0,0,0.036,0.001,0,0,0,0.066,0.01,0,0,0.024,0,0,0.002,0.006,0,0,0.025,0,0.033,0.043,0.007,0.003
0.003,0,0.039,0,0,0,0,0.204,0,0,0,0.041,0,0,0,0,0.087,0.013,0,0.001,0.027,0,0,0,0.006,0,0,0.047,0,0.041,0.036,0.011,0.007
0.003,0,0.025,0,0,0,0,0.219,0,0,0,0.042,0.001,0,0,0,0.115,0.014,0,0,0.018,0,0,0,0.007,0,0,0.062,0,0.038,0.024,0.004,0.01
0.007,0,0.019,0,0,0,0,0.252,0,0,0,0.043,0.001,0,0,0,0.157,0.013,0,0,0.018,0.001,0,0.001,0.002,0,0,0.083,0,0.045,0.026,0.004,0.01
0.01,0,0.026,0,0,0,0,0.27,0,0,0,0.021,0.002,0,0,0,0.157,0.017,0,0,0.006,0,0.001,0.001,0,0.001,0,0.097,0,0.021,0.025,0.006,0.017
0.015,0,0.018,0,0,0,0,0.262,0,0,0,0.027,0,0,0,0,0.173,0.007,0,0,0.005,0,0.001,0.001,0.002,0.002,0,0.088,0,0.031,0.015,0.005,0.012
0.031,0,0.009,0,0,0,0,0.295,0,0,0,0.032,0,0,0,0,0.159,0.01,0,0,0.006,0,0.004,0,0.001,0.004,0,0.106,0,0.034,0.016,0.003,0.017
0.037,0,0.017,0,0,0,0,0.27,0,0,0,0.029,0.001,0,0,0,0.165,0.01,0,0,0.003,0,0.001,0,0.001,0.007,0,0.122,0,0.019,0.018,0.002,0.016
0.032,0,0.013,0,0,0,0,0.273,0,0,0,0.038,0,0,0,0,0.156,0.009,0,0.001,0.004,0,0.003,0,0,0.002,0,0.132,0,0.023,0.023,0.003,0.016
0.018,0,0.009,0,0,0,0,0.277,0,0,0,0.025,0,0,0,0,0.16,0.005,0,0,0,0.001,0.001,0,0.001,0.002,0,0.143,0,0.034,0.021,0.003,0.018
0.024,0,0.02,0,0,0,0,0.299,0,0,0,0.03,0.002,0,0,0,0.172,0.012,0,0,0.003,0.001,0,0,0.001,0.003,0,0.111,0,0.025,0.023,0.004,0.017
0.018,0,0.017,0,0,0,0,0.314,0,0,0,0.037,0,0,0,0,0.157,0.013,0,0,0.001,0.001,0.001,0.002,0.002,0.007,0,0.114,0,0.023,0.021,0,0.014
0.015,0,0.02,0,0,0,0,0.306,0,0,0,0.041,0,0,0,0,0.172,0.008,0,0,0.005,0,0,0,0.001,0.006,0,0.118,0,0.021,0.026,0.002,0.013
0.017,0,0.016,0,0,0,0,0.286,0,0,0,0.037,0,0,0,0,0.158,0.017,0,0,0.003,0,0.001,0,0.002,0.003,0,0.144,0,0.032,0.021,0.004,0.02
0.029,0,0.02,0,0,0,0,0.315,0,0,0,0.05,0.001,0,0,0,0.175,0.018,0,0,0.01,0.001,0.001,0.001,0,0.003,0,0.104,0,0.039,0.021,0.002,0.013
0.026,0,0.024,0,0,0,0,0.288,0,0,0,0.037,0,0,0,0,0.168,0.02,0,0,0.015,0,0.001,0.002,0.003,0.003,0,0.133,0,0.033,0.028,0.003,0.015
0.022,0,0.027,0,0,0,0,0.276,0,0,0,0.046,0,0,0,0,0.199,0.019,0,0,0.013,0,0.004,0.001,0.005,0.001,0,0.087,0,0.039,0.027,0.005,0.022
0.011,0,0.026,0,0,0,0,0.283,0,0,0,0.044,0.002,0,0,0,0.188,0.023,0,0,0.015,0,0.002,0.001,0.003,0.002,0,0.097,0,0.046,0.033,0.006,0.019
0.016,0,0.024,0,0,0,0,0.276,0,0,0,0.048,0.003,0,0,0,0.162,0.019,0,0,0.011,0,0.001,0.002,0.006,0.005,0,0.104,0,0.042,0.027,0.005,0.016
0.015,0,0.028,0,0,0,0,0.257,0,0,0,0.039,0.002,0,0,0,0.171,0.022,0,0,0.016,0,0.002,0.002,0.006,0.002,0,0.092,0,0.04,0.043,0.003,0.012
0.013,0,0.043,0,0,0,0,0.271,0,0,0,0.05,0.002,0,0,0,0.162,0.016,0,0,0.011,0.001,0.004,0.001,0.007,0.001,0,0.084,0,0.047,0.038,0.003,0.012
0.008,0,0.048,0,0,0,0,0.229,0,0,0,0.053,0.002,0,0,0,0.156,0.022,0,0,0.015,0.002,0.001,0,0.006,0.001,0,0.078,0,0.047,0.027,0.004,0.022
0.013,0,0.045,0,0,0,0,0.259,0,0,0,0.05,0.002,0,0,0,0.135,0.02,0,0,0.022,0.001,0.002,0.002,0.006,0,0,0.1,0,0.054,0.04,0.009,0.021
0.016,0,0.034,0,0,0,0,0.283,0,0,0,0.057,0.006,0,0,0,0.15,0.014,0,0,0.022,0,0.004,0.005,0.005,0.001,0,0.084,0,0.058,0.043,0.007,0.017
0.01,0,0.05,0,0,0,0,0.285,0,0,0,0.07,0.006,0,0,0,0.158,0.018,0,0,0.017,0.001,0,0.002,0.006,0.002,0,0.079,0,0.054,0.033,0.009,0.025
0.02,0,0.049,0,0,0,0,0.284,0,0,0,0.064,0.003,0,0,0,0.164,0.015,0,0,0.02,0,0.001,0.003,0.011,0.001,0,0.105,0,0.049,0.032,0.007,0.016
0.009,0,0.032,0,0,0,0,0.327,0,0,0,0.077,0,0,0,0,0.152,0.026,0,0,0.017,0.001,0.002,0.002,0.009,0,0,0.081,0,0.079,0.073,0.008,0.014
0.008,0,0.039,0,0,0,0,0.347,0,0,0,0.095,0.003,0,0,0,0.156,0.024,0,0,0.015,0,0.001,0.001,0.008,0.004,0,0.068,0,0.082,0.066,0.007,0.019
0.009,0,0.046,0,0,0,0,0.334,0,0,0,0.113,0.003,0,0,0,0.143,0.02,0,0,0.02,0,0.002,0,0.012,0.003,0,0.077,0,0.078,0.076,0.015,0.013
0.002,0,0.05,0,0,0,0,0.303,0,0,0,0.088,0.008,0,0,0,0.136,0.028,0,0,0.026,0.002,0,0,0.024,0.001,0,0.071,0,0.101,0.083,0.015,0.017
0.003,0,0.049,0,0,0,0,0.327,0,0,0,0.085,0.007,0,0,0,0.123,0.033,0,0,0.021,0.002,0.001,0.002,0.022,0,0,0.087,0,0.098,0.072,0.012,0.021
0.011,0,0.047,0,0,0,0,0.335,0,0,0,0.082,0,0,0,0,0.15,0.027,0,0,0.025,0.001,0.001,0,0.018,0.002,0,0.071,0,0.087,0.061,0.009,0.015
0.013,0,0.049,0,0,0,0,0.343,0,0,0,0.081,0.003,0,0,0,0.142,0.028,0,0,0.032,0.002,0.002,0.003,0.019,0,0,0.087,0,0.081,0.057,0.013,0.01
0.006,0,0.059,0,0,0,0,0.323,0,0,0,0.071,0.003,0,0,0,0.155,0.024,0,0,0.038,0,0.002,0.001,0.022,0.001,0,0.087,0,0.07,0.058,0.014,0.013
0.007,0,0.054,0,0,0,0,0.342,0,0,0,0.064,0.011,0,0,0,0.148,0.016,0,0,0.04,0.002,0,0.003,0.017,0,0,0.092,0,0.07,0.059,0.019,0.014
0.009,0,0.046,0,0,0,0,0.326,0,0,0,0.067,0.008,0,0,0,0.158,0.019,0,0,0.034,0.003,0.002,0.004,0.023,0,0,0.101,0,0.077,0.043,0.016,0.007
0.008,0,0.051,0,0,0,0,0.324,0,0,0,0.073,0.007,0,0,0,0.159,0.018,0,0,0.033,0.001,0.001,0.002,0.029,0.003,0,0.083,0,0.069,0.048,0.018,0.018
0.008,0,0.047,0,0,0,0,0.348,0,0,0,0.091,0.009,0,0,0,0.151,0.016,0,0,0.032,0,0,0,0.023,0.002,0,0.092,0,0.049,0.036,0.015,0.017
0.005,0,0.062,0,0,0,0,0.333,0,0,0,0.072,0.005,0,0,0,0.145,0.016,0,0,0.039,0.003,0.001,0.001,0.025,0,0,0.103,0,0.058,0.045,0.012,0.01
0.009,0,0.046,0,0,0,0,0.327,0,0,0,0.076,0.006,0,0,0,0.16,0.015,0,0,0.036,0.005,0,0.002,0.021,0,0,0.103,0,0.054,0.048,0.017,0.017
0.004,0,0.053,0,0,0,0,0.359,0,0,0,0.077,0.003,0,0,0,0.161,0.018,0,0,0.026,0.002,0.001,0.001,0.026,0,0,0.088,0,0.056,0.047,0.015,0.014
0.012,0,0.07,0,0,0,0,0.342,0,0,0,0.071,0.004,0,0,0,0.154,0.019,0,0,0.038,0,0.001,0.001,0.017,0.001,0,0.101,0,0.046,0.053,0.012,0.015
0.006,0,0.053,0,0,0,0,0.364,0,0,0,0.082,0.002,0,0,0,0.173,0.017,0,0,0.024,0.004,0.001,0.002,0.019,0,0,0.098,0,0.048,0.038,0.014,0.015
0.007,0,0.055,0,0,0,0,0.366,0,0,0,0.069,0.001,0,0,0,0.157,0.022,0,0,0.032,0,0.001,0.004,0.017,0,0,0.1,0,0.06,0.043,0.01,0.015
0.008,0,0.052,0,0,0,0,0.345,0,0,0,0.085,0.003,0,0,0,0.166,0.019,0,0,0.023,0.001,0.002,0,0.011,0,0,0.095,0,0.064,0.049,0.018,0.021
0.005,0,0.05,0,0,0,0,0.335,0,0,0,0.08,0.001,0,0,0,0.145,0.018,0,0,0.026,0.002,0.002,0.002,0.019,0.001,0,0.1,0,0.081,0.064,0.015,0.016
0.007,0,0.047,0,0,0,0,0.327,0,0,0,0.078,0.003,0,0,0,0.153,0.023,0,0,0.021,0.001,0.003,0.001,0.014,0.002,0,0.084,0,0.087,0.071,0.014,0.017
0.011,0,0.044,0,0,0,0,0.342,0,0,0,0.1,0.001,0,0,0,0.136,0.02,0,0,0.014,0.002,0.001,0.002,0.017,0.001,0,0.084,0,0.091,0.074,0.012,0.019
0.003,0,0.046,0,0,0,0,0.335,0,0,0,0.091,0.002,0,0,0,0.158,0.034,0,0,0.021,0,0,0,0.011,0.002,0,0.084,0,0.077,0.064,0.011,0.02
0.005,0,0.045,0,0,0,0,0.329,0,0,0,0.085,0.001,0,0,0,0.162,0.025,0,0,0.021,0,0.001,0,0.017,0,0,0.077,0,0.084,0.065,0.012,0.016
0.002,0,0.043,0,0,0,0,0.354,0,0,0,0.091,0.002,0,0,0,0.132,0.019,0,0,0.034,0.001,0,0,0.011,0.002,0,0.081,0,0.088,0.048,0.011,0.01
0.003,0,0.056,0,0,0,0,0.343,0,0,0,0.069,0.001,0,0,0,0.132,0.014,0,0,0.045,0.001,0.003,0.002,0.021,0.001,0,0.084,0,0.065,0.036,0.016,0.008
0.003,0,0.058,0,0,0,0,0.331,0,0,0,0.056,0.004,0,0,0,0.124,0.017,0,0,0.037,0.002,0,0.002,0.029,0,0,0.079,0,0.062,0.044,0.007,0.009
0.002,0,0.071,0,0,0,0,0.235,0,0,0,0.05,0.005,0,0,0,0.129,0.013,0,0,0.067,0,0,0.004,0.04,0,0,0.071,0,0.053,0.038,0.014,0.003
0.001,0,0.091,0,0,0,0,0.247,0,0,0,0.053,0.007,0,0,0,0.111,0.012,0,0,0.046,0.002,0,0.003,0.033,0,0,0.07,0,0.053,0.033,0.011,0.003
0.002,0,0.08,0,0,0,0,0.245,0,0,0,0.053,0.006,0,0,0,0.096,0.011,0,0,0.059,0.003,0,0.006,0.043,0,0,0.062,0,0.06,0.033,0.021,0.01
0.002,0,0.08,0,0,0,0,0.237,0,0,0,0.054,0.01,0,0,0,0.109,0.007,0,0,0.068,0.003,0,0.001,0.049,0,0,0.063,0,0.059,0.039,0.016,0.006
0.004,0,0.087,0,0,0,0,0.248,0,0,0,0.058,0.013,0,0,0,0.108,0.012,0,0,0.075,0.002,0,0.001,0.054,0,0,0.051,0,0.038,0.039,0.018,0.013
0.004,0,0.111,0,0,0,0,0.251,0,0,0,0.058,0.01,0,0,0,0.09,0.01,0,0,0.061,0.003,0,0.006,0.053,0,0,0.066,0,0.051,0.023,0.024,0.009
0.004,0,0.106,0,0,0,0,0.243,0,0,0,0.058,0.011,0,0,0,0.101,0.007,0,0,0.069,0.003,0.001,0.003,0.056,0.001,0,0.055,0,0.052,0.035,0.022,0.005
0.003,0,0.094,0,0,0,0,0.237,0,0,0,0.059,0.008,0,0,0,0.1,0.007,0,0,0.079,0.004,0,0.006,0.057,0,0,0.058,0,0.056,0.04,0.016,0.012
0.002,0,0.103,0,0,0,0,0.259,0,0,0,0.048,0.019,0,0,0,0.101,0.012,0,0,0.056,0.003,0.002,0.008,0.044,0.002,0,0.059,0,0.048,0.046,0.017,0.01
0.004,0,0.078,0,0,0,0,0.289,0,0,0,0.055,0.009,0,0,0,0.108,0.012,0,0,0.058,0.003,0,0.005,0.049,0.001,0,0.053,0,0.055,0.05,0.015,0.01
0.002,0,0.067,0,0,0,0,0.274,0,0,0,0.074,0.012,0,0,0,0.102,0.012,0,0,0.069,0,0.001,0.007,0.055,0,0,0.053,0,0.062,0.042,0.019,0.012
0.005,0,0.065,0,0,0,0,0.282,0,0,0,0.058,0.019,0,0,0,0.105,0.02,0,0,0.065,0.002,0.002,0.006,0.052,0.003,0,0.064,0,0.067,0.047,0.015,0.014
0.009,0,0.069,0,0,0,0,0.288,0,0,0,0.065,0.01,0,0,0,0.116,0.013,0,0,0.076,0.001,0.003,0.003,0.064,0.001,0,0.073,0,0.062,0.031,0.018,0.013
0.004,0,0.069,0,0,0,0,0.285,0,0,0,0.069,0.013,0,0,0,0.116,0.02,0,0,0.08,0.003,0.001,0.008,0.054,0.001,0,0.054,0,0.056,0.05,0.02,0.01
0.008,0,0.074,0,0,0,0,0.301,0,0,0,0.064,0.013,0,0,0,0.097,0.018,0,0,0.073,0.005,0.002,0,0.06,0.001,0,0.05,0,0.062,0.043,0.028,0.025
0.007,0,0.074,0,0,0,0,0.295,0,0,0,0.063,0.011,0,0,0,0.107,0.02,0,0,0.091,0.002,0.001,0.006,0.064,0.001,0,0.041,0,0.068,0.038,0.02,0.013
0.008,0,0.088,0,0,0,0,0.269,0,0,0,0.076,0.01,0,0,0,0.083,0.015,0,0,0.084,0.003,0.001,0.008,0.077,0.001,0,0.044,0,0.061,0.05,0.016,0.012
0.01,0,0.096,0,0,0,0,0.269,0,0,0,0.079,0.008,0,0,0,0.092,0.012,0,0,0.083,0.005,0.001,0.009,0.067,0.002,0,0.048,0,0.059,0.04,0.019,0.015
0.004,0,0.102,0,0,0,0,0.268,0,0,0,0.079,0.015,0,0,0,0.098,0.011,0,0,0.069,0.002,0.001,0.008,0.072,0.001,0,0.054,0,0.058,0.037,0.011,0.012
0.006,0,0.074,0,0,0,0,0.261,0,0,0,0.06,0.009,0,0,0,0.119,0.004,0,0,0.078,0.004,0.002,0.007,0.068,0.001,0,0.06,0,0.066,0.049,0.023,0.019
0.009,0,0.088,0,0,0,0,0.274,0,0,0,0.053,0.01,0,0,0,0.137,0.011,0,0.001,0.065,0.001,0,0.004,0.054,0,0,0.078,0,0.066,0.042,0.022,0.015
0.007,0,0.069,0,0,0,0,0.29,0,0,0,0.059,0.006,0,0,0,0.172,0.017,0,0,0.046,0.001,0.001,0.001,0.043,0.001,0,0.121,0,0.062,0.035,0.016,0.005
0.001,0,0.054,0,0,0,0,0.333,0,0,0,0.051,0.01,0,0,0,0.179,0.013,0,0,0.033,0.002,0,0.001,0.041,0.001,0,0.107,0,0.047,0.038,0.02,0.009
0.008,0,0.034,0,0,0,0,0.337,0,0,0,0.04,0.007,0,0,0,0.189,0.018,0,0,0.033,0.001,0.002,0.002,0.03,0.001,0,0.144,0,0.041,0.031,0.013,0.003
0.009,0,0.022,0,0,0,0,0.397,0,0,0,0.041,0.005,0,0,0,0.237,0.013,0,0,0.024,0,0,0.001,0.015,0.001,0,0.132,0,0.025,0.024,0.006,0.003
0.006,0,0.007,0,0,0,0,0.375,0,0,0,0.02,0,0,0,0,0.209,0.015,0,0,0.029,0.001,0,0.001,0.008,0,0,0.137,0,0.023,0.024,0.005,0.002
0.009,0,0.004,0,0,0,0,0.337,0,0,0,0.028,0,0,0,0,0.237,0.016,0,0,0.005,0,0,0,0.003,0,0,0.143,0,0.028,0.019,0.004,0.001
0.004,0,0.009,0,0,0,0,0.369,0,0,0,0.057,0,0,0,0,0.194,0.011,0,0,0.004,0,0,0,0.002,0,0,0.138,0,0.06,0.036,0.005,0.002
0.004,0,0.021,0,0,0,0,0.357,0,0,0,0.073,0,0,0,0,0.191,0.009,0,0,0.006,0.003,0,0,0.009,0,0,0.099,0,0.063,0.041,0.007,0.005
0.004,0,0.017,0,0,0,0,0.343,0,0,0,0.083,0.001,0,0,0,0.173,0.012,0,0,0.007,0,0,0,0.011,0,0,0.099,0,0.047,0.045,0.003,0.004
0.003,0,0.018,0,0,0,0,0.3,0,0,0,0.068,0.002,0,0,0,0.158,0.006,0,0,0.013,0,0,0.001,0.006,0,0,0.121,0,0.044,0.027,0.001,0.009
0.007,0,0.017,0,0,0,0,0.268,0,0,0,0.063,0.002,0,0,0,0.119,0.012,0,0,0.012,0,0,0,0.004,0,0,0.104,0,0.033,0.036,0,0.004
0.006,0,0.011,0,0,0,0,0.264,0,0,0,0.028,0.002,0,0,0,0.116,0.014,0,0,0.012,0,0.001,0.002,0.006,0,0,0.094,0,0.024,0.017,0.003,0.006
0.009,0,0.017,0,0,0,0,0.246,0,0,0,0.024,0.003,0,0,0,0.12,0.015,0,0,0.011,0.001,0,0.004,0.009,0,0,0.083,0,0.019,0.03,0.008,0.005
0.005,0,0.028,0,0,0,0,0.237,0,0,0,0.033,0.004,0,0,0,0.112,0.013,0,0,0.017,0,0,0.002,0.01,0,0,0.076,0,0.027,0.025,0.004,0.007
0.004,0,0.032,0,0,0,0,0.216,0,0,0,0.038,0.007,0,0,0,0.116,0.006,0,0,0.015,0,0,0.002,0.011,0,0,0.072,0,0.037,0.033,0.007,0.009
0.007,0,0.031,0,0,0,0,0.244,0,0,0,0.043,0.001,0,0,0,0.122,0.012,0,0,0.016,0.001,0,0.001,0.017,0,0,0.072,0,0.032,0.033,0.01,0.007
0.01,0,0.027,0,0,0,0,0.241,0,0,0,0.059,0.004,0,0,0,0.124,0.016,0,0,0.028,0.001,0.002,0.002,0.009,0,0,0.072,0,0.041,0.037,0.005,0.004
0.007,0,0.033,0,0,0,0,0.251,0,0,0,0.068,0.002,0,0,0,0.14,0.015,0,0,0.027,0,0.001,0.002,0.014,0,0,0.079,0,0.034,0.024,0.01,0.007
0.008,0,0.045,0,0,0,0,0.257,0,0,0,0.066,0.002,0,0,0,0.142,0.02,0,0,0.02,0.001,0,0.002,0.011,0,0,0.08,0,0.045,0.024,0.008,0.007
0.007,0,0.036,0,0,0,0,0.27,0,0,0,0.056,0.002,0,0,0,0.165,0.019,0,0,0.026,0.001,0,0,0.008,0,0,0.079,0,0.023,0.018,0.013,0.01
0.006,0,0.047,0,0,0,0,0.278,0,0,0,0.057,0.002,0,0,0,0.156,0.015,0,0,0.024,0.001,0.001,0.002,0.015,0,0,0.068,0,0.036,0.015,0.014,0.006
0.005,0,0.042,0,0,0,0,0.266,0,0,0,0.061,0.004,0,0,0,0.172,0.016,0,0.001,0.023,0,0,0.002,0.013,0,0,0.063,0,0.029,0.019,0.016,0.008
0.003,0,0.034,0,0,0,0,0.275,0,0,0,0.048,0.006,0,0,0,0.173,0.024,0,0,0.022,0,0,0,0.006,0,0,0.067,0,0.038,0.007,0.017,0.012
0.005,0,0.049,0,0,0,0,0.256,0,0,0,0.053,0.004,0,0,0,0.177,0.015,0,0,0.022,0,0,0,0.003,0,0,0.067,0,0.043,0.011,0.006,0.002
0.004,0,0.054,0,0,0,0,0.223,0,0,0,0.06,0.002,0,0,0,0.142,0.022,0,0,0.036,0,0,0.002,0.005,0,0,0.05,0,0.037,0.017,0.003,0.003
0,0,0.046,0,0,0,0,0.221,0,0,0,0.049,0,0,0,0,0.119,0.018,0,0,0.051,0,0,0.002,0.025,0,0,0.042,0,0.036,0.015,0.009,0.002
0.002,0,0.016,0,0,0,0,0.19,0,0,0,0.018,0,0,0,0,0.1,0.008,0,0,0.049,0,0,0,0.045,0,0,0.056,0,0.02,0.008,0,0.001
0,0,0.02,0,0,0,0,0.143,0,0,0,0.033,0,0,0,0,0.069,0.009,0,0,0.031,0,0,0,0.021,0,0,0.051,0,0.042,0.028,0,0.001
0.004,0,0.004,0,0,0,0,0.143,0,0,0,0.021,0.001,0,0,0,0.07,0.002,0,0,0.026,0,0,0.002,0.013,0,0,0.04,0,0.026,0.013,0.001,0
0.003,0,0.007,0,0,0,0,0.123,0,0,0,0.026,0.001,0,0,0,0.063,0.005,0,0,0.039,0,0,0,0.021,0,0,0.031,0,0.025,0.018,0.001,0
0.004,0,0.005,0,0,0,0,0.207,0,0,0,0.019,0,0,0,0,0.167,0.004,0,0,0.027,0,0,0,0.021,0,0,0.079,0,0.03,0.025,0.001,0
0.001,0,0.011,0,0,0,0,0.35,0,0,0,0.058,0.001,0,0,0,0.209,0.013,0,0,0.028,0,0,0,0.015,0.001,0,0.145,0,0.041,0.031,0.002,0
0.001,0,0.032,0,0,0,0,0.386,0,0,0,0.078,0,0,0,0,0.158,0.025,0,0,0.034,0,0,0,0.013,0,0,0.108,0,0.061,0.035,0.004,0
0.001,0,0.038,0,0,0,0,0.296,0,0,0,0.082,0,0,0,0,0.119,0.019,0,0,0.047,0.002,0,0,0.039,0,0,0.054,0,0.114,0.084,0.012,0.002
0,0,0.04,0,0,0,0,0.232,0,0,0,0.061,0.003,0,0,0,0.106,0.016,0,0,0.028,0,0,0.002,0.016,0,0,0.049,0,0.053,0.035,0.009,0.002
0.002,0,0.032,0,0,0,0,0.135,0,0,0,0.038,0.002,0,0,0,0.052,0.007,0,0,0.027,0,0,0,0.007,0,0,0.033,0,0.034,0.024,0.005,0.002
0.001,0,0.035,0,0,0,0,0.173,0,0,0,0.042,0.001,0,0,0,0.087,0.02,0,0,0.025,0,0,0.002,0.014,0,0,0.042,0,0.051,0.031,0.005,0.005
0.008,0,0.035,0,0,0,0,0.236,0,0,0,0.065,0,0,0,0,0.113,0.023,0,0,0.022,0,0.001,0,0.008,0,0,0.063,0,0.046,0.032,0.003,0.013
0.009,0,0.026,0,0,0,0,0.24,0,0,0,0.045,0.003,0,0,0,0.144,0.018,0,0,0.02,0,0.001,0.001,0.003,0.002,0,0.079,0,0.045,0.027,0.005,0.007
0.007,0,0.018,0,0,0,0,0.278,0,0,0,0.042,0,0,0,0,0.154,0.017,0,0,0.009,0,0.001,0,0.001,0,0,0.102,0,0.037,0.028,0.002,0.014
0.015,0,0.019,0,0,0,0,0.298,0,0,0,0.031,0,0,0,0,0.156,0.011,0,0,0.012,0,0.001,0,0.001,0.004,0,0.121,0,0.027,0.016,0.002,0.011
0.025,0,0.018,0,0,0,0,0.289,0,0,0,0.038,0,0,0,0,0.163,0.016,0,0,0.006,0,0.001,0.001,0.002,0.001,0,0.131,0,0.036,0.023,0.001,0.016
0.033,0,0.02,0,0,0,0,0.303,0,0,0,0.024,0,0,0,0,0.171,0.011,0,0,0.005,0,0.001,0,0.001,0.002,0,0.123,0,0.028,0.016,0.003,0.015
0.034,0,0.011,0,0,0,0,0.297,0,0,0,0.035,0.001,0,0,0,0.173,0.01,0,0,0.006,0,0.004,0,0.001,0.005,0,0.122,0,0.025,0.016,0.002,0.018
0.022,0,0.022,0,0,0,0,0.349,0,0,0,0.028,0,0,0,0,0.16,0.015,0,0,0.004,0,0.004,0.001,0,0.001,0,0.119,0,0.02,0.021,0.005,0.018
0.03,0,0.021,0,0,0,0,0.307,0,0,0,0.032,0.003,0,0,0,0.191,0.009,0,0,0.001,0,0.001,0,0.004,0.008,0,0.112,0,0.036,0.03,0.004,0.011
0.037,0,0.028,0,0,0,0,0.262,0,0,0,0.047,0,0,0,0,0.162,0.013,0,0,0.008,0,0.001,0,0,0.006,0,0.133,0,0.036,0.028,0.003,0.021
0.026,0,0.025,0,0,0,0,0.308,0,0,0,0.036,0,0,0,0,0.169,0.014,0,0,0.008,0.001,0.003,0.001,0.002,0.002,0,0.122,0,0.048,0.033,0.008,0.018
0.024,0,0.023,0,0,0,0,0.312,0,0,0,0.042,0,0,0,0,0.164,0.017,0,0.001,0.009,0.001,0.001,0,0.001,0.003,0,0.133,0,0.038,0.04,0.002,0.018
0.021,0,0.021,0,0,0,0,0.299,0,0,0,0.043,0.001,0,0,0,0.187,0.021,0,0,0.009,0,0.004,0.001,0.003,0,0,0.113,0,0.031,0.036,0.002,0.013
0.025,0,0.021,0,0,0,0,0.299,0,0,0,0.041,0.002,0,0,0,0.173,0.022,0,0,0.012,0,0.002,0,0.001,0.004,0,0.115,0,0.04,0.035,0.004,0.024
0.015,0,0.026,0,0,0,0,0.302,0,0,0,0.041,0.002,0,0,0,0.18,0.018,0,0,0.013,0,0.006,0.002,0.003,0.004,0,0.107,0,0.04,0.035,0.006,0.015
0.012,0,0.024,0,0,0,0,0.29,0,0,0,0.043,0.002,0,0,0,0.172,0.026,0,0,0.012,0,0.003,0,0.008,0.001,0,0.104,0,0.053,0.036,0.008,0.01
0.012,0,0.027,0,0,0,0,0.308,0,0,0,0.055,0.001,0,0,0,0.162,0.018,0,0,0.015,0,0.001,0.002,0.007,0.004,0,0.074,0,0.053,0.031,0.006,0.026
0.015,0,0.038,0,0,0,0,0.261,0,0,0,0.051,0.003,0,0,0,0.142,0.018,0,0,0.017,0,0,0.002,0.012,0.003,0,0.08,0,0.043,0.037,0.003,0.021
0.012,0,0.033,0,0,0,0,0.271,0,0,0,0.049,0.003,0,0,0,0.149,0.023,0,0.001,0.023,0,0.002,0.002,0.007,0.002,0,0.068,0,0.036,0.048,0.005,0.021
0.01,0,0.043,0,0,0,0,0.278,0,0,0,0.067,0.004,0,0,0,0.129,0.018,0,0,0.02,0.002,0.001,0.005,0.009,0.005,0,0.091,0,0.053,0.037,0.007,0.026
0.012,0,0.063,0,0,0,0,0.281,0,0,0,0.055,0.002,0,0,0,0.141,0.014,0,0,0.021,0,0.002,0.003,0.014,0.003,0,0.059,0,0.062,0.04,0.007,0.033
0.014,0,0.054,0,0,0,0,0.285,0,0,0,0.075,0.003,0,0,0,0.143,0.017,0,0,0.019,0.002,0.002,0.002,0.014,0.001,0,0.076,0,0.058,0.051,0.007,0.019
0.01,0,0.071,0,0,0,0,0.291,0,0,0,0.068,0.01,0,0,0,0.151,0.027,0,0,0.02,0,0,0,0.015,0.004,0,0.086,0,0.052,0.057,0.014,0.026
0.008,0,0.063,0,0,0,0,0.314,0,0,0,0.089,0.007,0,0,0,0.131,0.024,0,0,0.024,0.001,0.003,0.004,0.016,0.001,0,0.079,0,0.062,0.059,0.008,0.022
0.008,0,0.042,0,0,0,0,0.318,0,0,0,0.104,0.002,0,0,0,0.124,0.026,0,0,0.019,0.001,0,0.001,0.019,0.001,0,0.069,0,0.082,0.089,0.008,0.027
0.007,0,0.054,0,0,0,0,0.349,0,0,0,0.103,0.004,0,0,0,0.125,0.027,0,0,0.017,0.002,0.002,0.002,0.009,0.002,0,0.083,0,0.079,0.074,0.011,0.018
0.006,0,0.05,0,0,0,0,0.326,0,0,0,0.082,0.008,0,0,0,0.133,0.022,0,0,0.027,0,0.004,0,0.011,0.001,0,0.089,0,0.092,0.087,0.01,0.017
0.009,0,0.053,0,0,0,0,0.32,0,0,0,0.091,0.003,0,0,0,0.143,0.02,0,0,0.026,0,0.002,0.002,0.022,0,0,0.082,0,0.098,0.06,0.008,0.019
0.009,0,0.051,0,0,0,0,0.31,0,0,0,0.106,0.004,0,0,0,0.135,0.015,0,0,0.03,0,0.001,0.002,0.021,0.001,0,0.079,0,0.092,0.075,0.015,0.013
0.005,0,0.063,0,0,0,0,0.295,0,0,0,0.093,0.002,0,0,0,0.149,0.009,0,0.001,0.023,0.002,0.004,0.002,0.011,0,0,0.102,0,0.09,0.064,0.021,0.014
0.008,0,0.051,0,0,0,0,0.307,0,0,0,0.093,0.005,0,0,0,0.163,0.02,0,0,0.034,0.001,0.002,0.004,0.019,0.001,0,0.106,0,0.069,0.047,0.013,0.016
0.009,0,0.055,0,0,0,0,0.318,0,0,0,0.072,0.005,0,0,0,0.168,0.016,0,0,0.02,0.003,0.002,0.003,0.012,0.001,0,0.088,0,0.077,0.059,0.022,0.011
0.012,0,0.056,0,0,0,0,0.326,0,0,0,0.084,0.006,0,0,0,0.149,0.015,0,0,0.03,0.003,0.001,0.002,0.01,0.002,0,0.093,0,0.065,0.065,0.014,0.014
0.007,0,0.071,0,0,0,0,0.316,0,0,0,0.073,0.008,0,0,0,0.159,0.017,0,0,0.033,0.004,0.002,0.002,0.015,0.001,0,0.087,0,0.061,0.065,0.01,0.016
0.012,0,0.047,0,0,0,0,0.311,0,0,0,0.07,0.008,0,0,0,0.159,0.021,0,0,0.028,0.002,0.001,0.003,0.022,0.001,0,0.095,0,0.065,0.066,0.016,0.018
0.01,0,0.047,0,0,0,0,0.312,0,0,0,0.087,0.004,0,0,0,0.154,0.014,0,0,0.028,0.005,0.002,0.004,0.021,0.003,0,0.092,0,0.075,0.066,0.015,0.019
0.009,0,0.05,0,0,0,0,0.304,0,0,0,0.073,0.005,0,0,0,0.178,0.026,0,0,0.026,0.004,0.002,0.006,0.018,0.002,0,0.089,0,0.074,0.061,0.012,0.013
0.013,0,0.039,0,0,0,0,0.322,0,0,0,0.067,0.008,0,0,0,0.161,0.018,0,0,0.025,0.001,0.005,0.005,0.015,0.002,0,0.102,0,0.087,0.05,0.016,0.012
0.006,0,0.055,0,0,0,0,0.355,0,0,0,0.078,0.005,0,0,0,0.132,0.025,0,0,0.021,0.001,0.002,0.001,0.009,0.002,0,0.084,0,0.094,0.061,0.017,0.016
0.005,0,0.052,0,0,0,0,0.357,0,0,0,0.073,0.003,0,0,0,0.136,0.025,0,0,0.028,0.001,0.001,0.002,0.014,0.003,0,0.078,0,0.078,0.062,0.015,0.022
0.007,0,0.05,0,0,0,0,0.349,0,0,0,0.085,0.006,0,0,0,0.162,0.02,0,0,0.033,0,0.001,0.002,0.023,0,0,0.083,0,0.064,0.05,0.012,0.018
0.008,0,0.058,0,0,0,0,0.346,0,0,0,0.074,0.003,0,0,0,0.143,0.014,0,0,0.031,0.001,0,0.002,0.018,0.001,0,0.094,0,0.076,0.057,0.011,0.014
0.005,0,0.045,0,0,0,0,0.352,0,0,0,0.073,0.002,0,0,0,0.134,0.022,0,0,0.027,0.001,0.001,0.002,0.017,0.002,0,0.083,0,0.086,0.062,0.017,0.015
0.007,0,0.046,0,0,0,0,0.342,0,0,0,0.082,0.005,0,0,0,0.129,0.028,0,0,0.017,0.002,0.001,0.001,0.02,0,0,0.079,0,0.093,0.065,0.013,0.017
0.011,0,0.027,0,0,0,0,0.351,0,0,0,0.091,0.004,0,0,0,0.152,0.023,0,0,0.026,0,0,0.002,0.014,0.002,0,0.085,0,0.079,0.052,0.01,0.018
0.008,0,0.037,0,0,0,0,0.335,0,0,0,0.086,0.003,0,0,0,0.149,0.024,0,0,0.022,0.002,0.002,0.001,0.015,0,0,0.085,0,0.081,0.069,0.006,0.019
0.003,0,0.049,0,0,0,0,0.34,0,0,0,0.079,0,0,0,0,0.134,0.015,0,0,0.027,0.001,0.002,0.001,0.022,0,0,0.091,0,0.083,0.061,0.011,0.019
0,0,0.043,0,0,0,0,0.375,0,0,0,0.062,0.005,0,0,0,0.151,0.012,0,0,0.035,0,0.002,0.002,0.015,0.001,0,0.083,0,0.07,0.055,0.006,0.014
0.003,0,0.063,0,0,0,0,0.341,0,0,0,0.069,0,0,0,0,0.149,0.019,0,0,0.047,0.001,0.001,0.004,0.022,0.001,0,0.092,0,0.058,0.039,0.008,0.006
0.006,0,0.066,0,0,0,0,0.34,0,0,0,0.064,0.007,0,0,0,0.124,0.011,0,0,0.05,0.003,0.001,0.003,0.025,0.001,0,0.08,0,0.059,0.044,0.013,0.008
0.002,0,0.073,0,0,0,0,0.262,0,0,0,0.055,0.008,0,0,0,0.107,0.014,0,0,0.066,0.001,0,0.002,0.044,0,0,0.052,0,0.056,0.039,0.015,0.009
0.001,0,0.076,0,0,0,0,0.24,0,0,0,0.057,0.006,0,0,0,0.104,0.008,0,0,0.06,0.002,0.005,0.004,0.047,0.001,0,0.051,0,0.053,0.047,0.009,0.012
0.001,0,0.108,0,0,0,0,0.26,0,0,0,0.047,0.009,0,0,0,0.098,0.009,0,0,0.059,0.002,0,0.002,0.06,0,0,0.052,0,0.047,0.041,0.022,0.01
0.002,0,0.088,0,0,0,0,0.246,0,0,0,0.054,0.007,0,0,0,0.109,0.011,0,0,0.064,0.007,0,0.01,0.063,0.001,0,0.059,0,0.052,0.054,0.015,0.005
0.005,0,0.085,0,0,0,0,0.26,0,0,0,0.057,0.016,0,0,0,0.097,0.017,0,0,0.061,0.001,0.001,0.003,0.057,0,0,0.045,0,0.07,0.035,0.017,0.017
0.005,0,0.084,0,0,0,0,0.259,0,0,0,0.064,0.015,0,0,0,0.092,0.012,0,0,0.068,0.002,0,0.005,0.067,0.001,0,0.041,0,0.065,0.038,0.023,0.011
0.005,0,0.126,0,0,0,0,0.22,0,0,0,0.06,0.01,0,0,0,0.106,0.01,0,0,0.066,0.004,0.002,0.003,0.058,0.001,0,0.047,0,0.043,0.037,0.022,0.021
0.009,0,0.119,0,0,0,0,0.243,0,0,0,0.062,0.017,0,0,0,0.084,0.016,0,0,0.08,0.003,0.001,0.008,0.056,0.002,0,0.044,0,0.046,0.042,0.017,0.012
0.006,0,0.11,0,0,0,0,0.224,0,0,0,0.066,0.021,0,0,0,0.085,0.012,0,0,0.082,0.004,0,0.008,0.064,0.001,0,0.034,0,0.042,0.049,0.023,0.022
0.002,0,0.106,0,0,0,0,0.227,0,0,0,0.079,0.02,0,0,0,0.093,0.007,0,0,0.085,0.001,0,0.01,0.07,0.002,0,0.037,0,0.065,0.047,0.018,0.02
0.003,0,0.113,0,0,0,0,0.273,0,0,0,0.067,0.009,0,0,0,0.07,0.01,0,0,0.077,0.004,0.002,0.005,0.064,0,0,0.032,0,0.064,0.056,0.033,0.022
0.002,0,0.114,0,0,0,0,0.273,0,0,0,0.076,0.013,0,0,0,0.081,0.018,0,0,0.073,0.002,0.003,0.006,0.055,0,0,0.041,0,0.063,0.041,0.026,0.021
0.006,0,0.105,0,0,0,0,0.255,0,0,0,0.087,0.011,0,0,0,0.085,0.022,0,0,0.064,0.003,0.003,0.004,0.053,0.002,0,0.044,0,0.079,0.049,0.016,0.023
0.005,0,0.097,0,0,0,0,0.271,0,0,0,0.089,0.019,0,0,0,0.093,0.012,0,0.001,0.073,0.002,0.003,0.004,0.056,0,0,0.042,0,0.069,0.051,0.017,0.018
0.005,0,0.101,0,0,0,0,0.265,0,0,0,0.074,0.017,0,0,0,0.095,0.014,0,0,0.075,0.005,0.003,0.005,0.063,0,0,0.046,0,0.063,0.047,0.021,0.022
0.005,0,0.104,0,0,0,0,0.26,0,0,0,0.075,0.012,0,0,0,0.089,0.014,0,0,0.075,0.007,0.002,0.004,0.06,0,0,0.041,0,0.069,0.05,0.029,0.023
0.008,0,0.095,0,0,0,0,0.259,0,0,0,0.074,0.015,0,0,0,0.089,0.014,0,0,0.078,0.005,0.001,0.006,0.053,0,0,0.037,0,0.065,0.053,0.024,0.023
0.005,0,0.114,0,0,0,0,0.241,0,0,0,0.072,0.01,0,0,0,0.08,0.018,0,0,0.079,0.005,0,0.005,0.053,0.001,0,0.044,0,0.072,0.041,0.032,0.021
0.008,0,0.109,0,0,0,0,0.267,0,0,0,0.075,0.016,0,0,0,0.102,0.013,0,0,0.065,0.006,0,0.006,0.052,0.002,0,0.034,0,0.059,0.038,0.022,0.018
0.006,0,0.127,0,0,0,0,0.26,0,0,0,0.074,0.013,0,0,0,0.076,0.014,0,0,0.071,0.001,0.003,0.002,0.05,0.001,0,0.048,0,0.072,0.044,0.019,0.02
0.007,0,0.131,0,0,0,0,0.239,0,0,0,0.08,0.023,0,0,0,0.079,0.012,0,0,0.05,0.004,0.001,0.011,0.057,0.001,0,0.034,0,0.068,0.046,0.02,0.016
0.003,0,0.139,0,0,0,0,0.249,0,0,0,0.079,0.015,0,0,0,0.075,0.015,0,0,0.058,0.004,0.002,0.005,0.044,0,0,0.04,0,0.06,0.033,0.028,0.019
0.006,0,0.098,0,0,0,0,0.272,0,0,0,0.061,0.014,0,0,0,0.101,0.016,0,0,0.07,0.001,0.002,0.007,0.051,0.002,0,0.035,0,0.062,0.055,0.023,0.018
0.011,0,0.108,0,0,0,0,0.272,0,0,0,0.069,0.012,0,0,0,0.109,0.019,0,0,0.055,0.005,0.001,0.002,0.045,0.001,0,0.056,0,0.066,0.035,0.027,0.017
0.008,0,0.071,0,0,0,0,0.287,0,0,0,0.054,0.009,0,0,0,0.178,0.016,0,0.001,0.042,0.002,0.001,0.006,0.042,0.001,0,0.108,0,0.048,0.032,0.017,0.007
0.001,0,0.061,0,0,0,0,0.309,0,0,0,0.052,0.007,0,0,0,0.204,0.01,0,0,0.041,0.001,0,0.004,0.034,0,0,0.11,0,0.041,0.03,0.016,0.009
0.01,0,0.037,0,0,0,0,0.264,0,0,0,0.033,0.003,0,0,0,0.256,0.009,0,0,0.027,0,0,0.005,0.022,0,0,0.142,0,0.027,0.024,0.008,0.011
0.01,0,0.021,0,0,0,0,0.326,0,0,0,0.032,0.002,0,0,0,0.249,0.014,0,0,0.017,0,0,0,0.011,0,0,0.175,0,0.029,0.031,0.005,0.006
0.008,0,0.004,0,0,0,0,0.325,0,0,0,0.021,0,0,0,0,0.228,0.012,0,0,0,0,0,0,0,0,0,0.161,0,0.015,0.015,0.003,0.001
0.017,0,0.002,0,0,0,0,0.317,0,0,0,0.02,0,0,0,0,0.209,0.006,0,0,0,0,0,0,0.001,0,0,0.142,0,0.029,0.023,0.001,0.004
0.002,0,0.012,0,0,0,0,0.31,0,0,0,0.055,0,0,0,0,0.178,0.012,0,0,0.005,0.002,0,0.002,0.007,0.001,0,0.109,0,0.049,0.046,0,0
0.008,0,0.007,0,0,0,0,0.3,0,0,0,0.051,0,0,0,0,0.184,0.009,0,0,0.006,0,0,0,0.007,0,0,0.083,0,0.057,0.041,0.003,0.003
0.004,0,0.01,0,0,0,0,0.29,0,0,0,0.051,0.001,0,0,0,0.182,0.014,0,0,0.005,0,0,0,0.005,0,0,0.107,0,0.049,0.027,0.003,0.001
0.004,0,0.019,0,0,0,0,0.301,0,0,0,0.055,0.001,0,0,0,0.164,0.011,0,0,0.012,0,0,0,0.002,0,0,0.091,0,0.033,0.022,0,0.002
0.002,0,0.021,0,0,0,0,0.24,0,0,0,0.044,0,0,0,0,0.151,0.015,0,0,0.009,0,0,0,0.004,0.002,0,0.075,0,0.041,0.019,0.001,0.002
0.003,0,0.023,0,0,0,0,0.218,0,0,0,0.048,0.001,0,0,0,0.132,0.01,0,0,0.013,0.001,0,0.001,0.007,0,0,0.06,0,0.038,0.023,0.007,0.002
0.007,0,0.029,0,0,0,0,0.215,0,0,0,0.051,0,0,0,0,0.108,0.01,0,0,0.013,0.001,0,0.001,0.005,0,0,0.06,0,0.039,0.024,0.005,0.011
0.005,0,0.055,0,0,0,0,0.248,0,0,0,0.059,0.004,0,0,0,0.11,0.004,0,0,0.015,0,0,0.002,0.01,0.002,0,0.057,0,0.05,0.034,0.008,0.009
0.003,0,0.063,0,0,0,0,0.27,0,0,0,0.072,0.005,0,0,0,0.099,0.02,0,0,0.01,0.002,0.002,0,0.013,0,0,0.052,0,0.066,0.045,0.008,0.009
0.002,0,0.055,0,0,0,0,0.267,0,0,0,0.062,0.004,0,0,0,0.115,0.016,0,0,0.023,0.001,0.002,0.001,0.012,0.001,0,0.051,0,0.058,0.05,0.01,0.013
0.004,0,0.069,0,0,0,0,0.26,0,0,0,0.064,0.004,0,0,0,0.106,0.016,0,0,0.019,0.002,0,0.002,0.013,0.001,0,0.059,0,0.067,0.051,0.018,0.011
0.003,0,0.056,0,0,0,0,0.281,0,0,0,0.064,0.002,0,0,0,0.117,0.026,0,0,0.033,0,0.001,0.002,0.012,0.001,0,0.05,0,0.066,0.05,0.011,0.005
0.001,0,0.066,0,0,0,0,0.278,0,0,0,0.072,0.004,0,0,0,0.114,0.016,0,0,0.024,0.001,0,0.005,0.014,0,0,0.052,0,0.067,0.055,0.016,0.007
0.004,0,0.071,0,0,0,0,0.263,0,0,0,0.077,0.003,0,0,0,0.119,0.019,0,0,0.032,0.001,0.001,0.002,0.015,0.001,0,0.049,0,0.067,0.047,0.024,0.002
0.004,0,0.064,0,0,0,0,0.294,0,0,0,0.062,0.004,0,0,0,0.14,0.019,0,0,0.025,0.005,0,0,0.012,0,0,0.042,0,0.052,0.041,0.026,0.009
0.008,0,0.071,0,0,0,0,0.264,0,0,0,0.063,0,0,0,0,0.155,0.024,0,0,0.024,0.002,0,0.001,0.016,0.001,0,0.044,0,0.049,0.043,0.022,0.01
0.004,0,0.054,0,0,0,0,0.294,0,0,0,0.066,0.005,0,0,0,0.159,0.024,0,0,0.013,0,0,0.001,0.007,0,0,0.059,0,0.056,0.042,0.016,0.007
0.005,0,0.047,0,0,0,0,0.297,0,0,0,0.055,0.004,0,0,0,0.16,0.027,0,0,0.021,0.001,0,0,0.008,0,0,0.072,0,0.053,0.031,0.015,0.007
0.005,0,0.046,0,0,0,0,0.296,0,0,0,0.05,0.005,0,0,0,0.176,0.019,0,0,0.015,0.001,0.001,0.002,0.008,0,0,0.087,0,0.047,0.025,0.011,0.011
0.004,0,0.045,0,0,0,0,0.286,0,0,0,0.068,0.002,0,0,0,0.192,0.023,0,0,0.023,0,0,0,0.012,0,0,0.076,0,0.039,0.023,0.014,0.006
0.002,0,0.06,0,0,0,0,0.253,0,0,0,0.071,0,0,0,0,0.142,0.023,0,0,0.032,0.001,0,0,0.014,0,0,0.052,0,0.033,0.011,0.007,0.006
0.003,0,0.047,0,0,0,0,0.247,0,0,0,0.033,0.003,0,0,0,0.103,0.016,0,0,0.054,0,0,0.001,0.042,0,0,0.06,0,0.027,0.013,0.013,0.004
0.003,0,0.027,0,0,0,0,0.199,0,0,0,0.02,0,0,0,0,0.077,0.011,0,0,0.045,0,0,0.003,0.052,0,0,0.05,0,0.025,0.006,0.002,0.001
0,0,0.022,0,0,0,0,0.142,0,0,0,0.026,0,0,0,0,0.052,0.007,0,0,0.04,0,0,0.002,0.024,0,0,0.054,0,0.031,0.016,0.007,0
0,0,0.01,0,0,0,0,0.147,0,0,0,0.016,0,0,0,0,0.057,0.009,0,0,0.037,0,0,0.001,0.015,0,0,0.035,0,0.025,0.024,0.001,0
0.001,0,0.012,0,0,0,0,0.308,0,0,0,0.037,0.002,0,0,0,0.229,0.012,0,0,0.04,0,0,0.001,0.018,0,0,0.136,0,0.034,0.021,0.009,0.002
0,0,0.035,0,0,0,0,0.376,0,0,0,0.056,0.001,0,0,0,0.146,0.02,0,0,0.038,0,0,0,0.022,0,0,0.125,0,0.052,0.035,0,0.001
0,0,0.059,0,0,0,0,0.287,0,0,0,0.088,0,0,0,0,0.102,0.01,0,0,0.047,0.005,0,0.001,0.046,0,0,0.06,0,0.098,0.084,0.017,0.002
0,0,0.04,0,0,0,0,0.233,0,0,0,0.053,0.002,0,0,0,0.102,0.019,0,0,0.025,0,0,0,0.015,0,0,0.051,0,0.056,0.044,0.008,0.013
0.001,0,0.032,0,0,0,0,0.208,0,0,0,0.055,0,0,0,0,0.076,0.009,0,0,0.021,0,0,0.001,0.009,0,0,0.031,0,0.032,0.025,0.009,0.003
0,0,0.029,0,0,0,0,0.205,0,0,0,0.052,0.001,0,0,0,0.086,0.009,0,0,0.02,0.001,0,0.001,0.009,0,0,0.043,0,0.047,0.034,0.008,0.005
0.005,0,0.039,0,0,0,0,0.237,0,0,0,0.044,0.003,0,0,0,0.114,0.017,0,0,0.019,0,0,0.001,0.006,0,0,0.075,0,0.055,0.031,0.005,0.009
0.008,0,0.023,0,0,0,0,0.262,0,0,0,0.049,0,0,0,0,0.134,0.025,0,0,0.009,0,0,0,0.002,0,0,0.09,0,0.042,0.029,0.002,0.011
0.011,0,0.033,0,0,0,0,0.291,0,0,0,0.035,0,0,0,0,0.151,0.022,0,0,0.006,0,0,0,0.001,0.001,0,0.112,0,0.039,0.032,0.001,0.015
0.016,0,0.01,0,0,0,0,0.299,0,0,0,0.038,0,0,0,0,0.162,0.006,0,0,0.008,0,0.003,0.001,0,0,0,0.102,0,0.033,0.026,0.003,0.014
0.04,0,0.015,0,0,0,0,0.303,0,0,0,0.031,0,0,0,0,0.174,0.011,0,0,0.004,0,0.002,0,0.002,0.004,0,0.104,0,0.03,0.016,0.001,0.018
0.025,0,0.011,0,0,0,0,0.308,0,0,0,0.027,0,0,0,0,0.159,0.011,0,0.001,0.004,0,0.001,0.001,0.002,0.004,0,0.12,0,0.018,0.016,0.002,0.014
0.027,0,0.011,0,0,0,0,0.315,0,0,0,0.025,0,0,0,0,0.156,0.01,0,0,0.003,0,0.002,0.001,0.002,0.001,0,0.123,0,0.017,0.021,0.003,0.014
0.027,0,0.008,0,0,0,0,0.327,0,0,0,0.03,0.001,0,0,0,0.173,0.006,0,0,0.003,0,0,0,0.002,0.003,0,0.116,0,0.014,0.018,0.001,0.014
0.031,0,0.012,0,0,0,0,0.322,0,0,0,0.03,0,0,0,0,0.172,0.01,0,0,0.001,0.001,0.002,0,0.003,0.004,0,0.111,0,0.017,0.014,0,0.016
0.021,0,0.014,0,0,0,0,0.324,0,0,0,0.029,0,0,0,0,0.172,0.011,0,0,0.003,0,0.003,0,0,0.002,0,0.132,0,0.035,0.018,0,0.014
0.026,0,0.009,0,0,0,0,0.322,0,0,0,0.033,0.002,0,0,0,0.165,0.008,0,0,0.008,0.001,0.002,0.001,0,0.002,0,0.13,0,0.02,0.025,0.002,0.011
0.025,0,0.012,0,0,0,0,0.297,0,0,0,0.032,0,0,0,0,0.18,0.013,0,0,0.002,0,0.004,0,0.004,0.003,0,0.111,0,0.033,0.026,0.001,0.011
0.022,0,0.012,0,0,0,0,0.308,0,0,0,0.035,0,0,0,0,0.163,0.015,0,0,0.004,0,0.001,0.001,0.003,0.002,0,0.124,0,0.031,0.021,0.002,0.018
0.021,0,0.019,0,0,0,0,0.309,0,0,0,0.023,0,0,0,0,0.173,0.012,0,0,0.005,0.001,0,0,0.001,0.004,0,0.124,0,0.023,0.021,0.002,0.013
0.024,0,0.026,0,0,0,0,0.318,0,0,0,0.03,0.001,0,0,0,0.167,0.012,0,0,0.003,0,0.002,0,0,0.005,0,0.11,0,0.03,0.027,0.002,0.023
0.03,0,0.022,0,0,0,0,0.303,0,0,0,0.029,0,0,0,0,0.164,0.008,0,0,0.004,0,0.001,0.001,0.005,0.004,0,0.107,0,0.038,0.039,0.005,0.016
0.023,0,0.016,0,0,0,0,0.282,0,0,0,0.044,0.001,0,0,0,0.155,0.017,0,0,0.007,0.001,0.001,0.002,0.005,0.003,0,0.107,0,0.056,0.025,0.002,0.012
0.017,0,0.015,0,0,0,0,0.273,0,0,0,0.041,0.001,0,0,0,0.175,0.017,0,0,0.014,0,0.002,0.002,0.004,0,0,0.107,0,0.055,0.028,0.004,0.012
0.014,0,0.026,0,0,0,0,0.311,0,0,0,0.036,0,0,0,0,0.145,0.016,0,0,0.018,0.001,0.001,0.004,0.007,0.003,0,0.102,0,0.047,0.029,0.002,0.014
0.009,0,0.023,0,0,0,0,0.279,0,0,0,0.039,0.002,0,0,0,0.167,0.019,0,0,0.012,0.001,0,0,0.003,0.001,0,0.095,0,0.047,0.037,0.004,0.014
0.018,0,0.027,0,0,0,0,0.273,0,0,0,0.04,0.004,0,0,0,0.141,0.025,0,0,0.016,0,0.003,0,0.01,0.002,0,0.081,0,0.045,0.038,0.011,0.016
0.009,0,0.027,0,0,0,0,0.259,0,0,0,0.061,0.002,0,0,0,0.155,0.016,0,0,0.01,0,0.002,0,0.011,0.001,0,0.079,0,0.043,0.029,0.011,0.016
0.016,0,0.044,0,0,0,0,0.286,0,0,0,0.054,0.001,0,0,0,0.148,0.024,0,0,0.019,0.001,0.001,0.003,0.007,0.001,0,0.088,0,0.038,0.03,0.004,0.021
0.011,0,0.048,0,0,0,0,0.284,0,0,0,0.06,0.002,0,0,0,0.168,0.025,0,0,0.022,0.002,0.003,0.001,0.009,0,0,0.091,0,0.056,0.037,0.009,0.012
0.014,0,0.053,0,0,0,0,0.3,0,0,0,0.077,0.005,0,0,0,0.145,0.017,0,0,0.015,0.001,0.007,0.001,0.013,0.001,0,0.114,0,0.063,0.042,0.004,0.019
0.011,0,0.057,0,0,0,0,0.331,0,0,0,0.086,0.004,0,0,0,0.144,0.031,0,0,0.018,0,0.002,0.001,0.012,0,0,0.069,0,0.067,0.054,0.006,0.018
0.007,0,0.046,0,0,0,0,0.299,0,0,0,0.088,0,0,0,0,0.161,0.021,0,0,0.024,0,0.002,0.001,0.007,0.002,0,0.072,0,0.086,0.089,0.012,0.015
0.008,0,0.042,0,0,0,0,0.329,0,0,0,0.095,0.002,0,0,0,0.148,0.026,0,0.001,0.02,0.001,0,0,0.012,0.001,0,0.076,0,0.095,0.069,0.011,0.023
0.005,0,0.057,0,0,0,0,0.309,0,0,0,0.12,0.003,0,0,0,0.121,0.018,0,0,0.026,0.004,0.005,0.001,0.014,0.001,0,0.08,0,0.095,0.082,0.007,0.013
0.01,0,0.038,0,0,0,0,0.307,0,0,0,0.111,0.001,0,0,0,0.144,0.019,0,0,0.025,0.002,0.002,0.001,0.025,0.001,0,0.085,0,0.077,0.073,0.015,0.017
